{
  "mean_squared_error": 0.7704646589906351,
  "r2_score": 0.23020999082187765
}